address,city,zip
709 N AIKEN AVE,PITTSBURGH,15206
2308 WEST HARDIES RD,GIBSONIA,15044
2700 MORANGE RD,PITTSBURGH,15205
1400 TROY HILL RD,PITTSBURGH,15212
4720 FIFTH AVE,PITTSBURGH,15213
318 Nicholson Road,Sewickley,15143
2150 East Hills Drive,Pittsburgh,15221
144 N CRAIG ST,PITTSBURGH,15213
1504 WOODCREST AVE,Moon Township,15108
800 Montana Avenue,Natrona Heights,15065
200 HERSHEY DR,MCKEESPORT,15132
1000 MCNEILLY RD,PITTSBURGH,15226
315 ACADEMY AVE,SEWICKLEY,15143
423 FOX CHAPEL RD,PITTSBURGH,15238
6425 FIFTH AVE,PITTSBURGH,15206
299 RIDGE AVE,PITTSBURGH,15221
8100 McKnight Road,PITTSBURGH,15237
555 MOREWOOD AVE,PITTSBURGH,15213
501 BUTLER RD,SPRINGDALE,15144
304 JOSEPHS LN,PITTSBURGH,15237
4653 CLAIRTON BLVD,PITTSBURGH,15236
309 CHURCH RD,BETHEL PARK,15102
3601 BROWNSVILLE RD,PITTSBURGH,15227
435 KINGS HWY,CARNEGIE,15106
50 THOMS RUN RD,BRIDGEVILLE,15017
501 WADDELL AVE,CLAIRTON,15025
1099 MAPLE ST,CORAOPOLIS,15108
163 E UNION RD,CHESWICK,15024
1150 JACKS RUN RD,NORTH VERSAILLES,15137
1000 WEIGLES HILL RD,ELIZABETH,15037
611 FIELD CLUB RD,PITTSBURGH,15238
3000 GATEWAY CAMPUS BLVD,MONROEVILLE,15146
2929 MCCULLY RD,ALLISON PARK,15101
1500 PACIFIC AVE,NATRONA HEIGHTS,15065
1000 KELTON AVE,PITTSBURGH,15216
1960 EDEN PARK BLVD,MCKEESPORT,15132
223 CLEVER RD,MCKEES ROCKS,15136
8353 UNIVERSITY BLVD,CORAOPOLIS,15108
155 COCHRAN RD,PITTSBURGH,15228
10375 PERRY HWY,WEXFORD,15090
53 ROCHESTER RD,PITTSBURGH,15229
589 UNION AVE,PITTSBURGH,15202
309 COLLINS DR,PITTSBURGH,15235
700 WARRENDALE RD,GIBSONIA,15044
590 CRANE AVE,PITTSBURGH,15216
125 PARKFIELD ST,PITTSBURGH,15210
515 N Highland Ave,Pittsburgh,15206
3875 PERRYSVILLE AVE,PITTSBURGH,15214
107 Thackeray Street,Pittsburgh,15213
2409 SHADY AVE,PITTSBURGH,15217
3117 Centre Avenue,Pittsburgh,15219
1101 N MURTLAND AVE,PITTSBURGH,15208
900 ELICKER RD,PITTSBURGH,15239
625 BEAVER RD,LEETSDALE,15056
100 HULTON RD,OAKMONT,15139
381 WIBLE RUN RD,PITTSBURGH,15209
2743 WASHINGTON BLVD,MCKEESPORT,15133
3640 OLD OAKDALE ROAD,MCDONALD,15057
2005 EAGLE RIDGE RD,SOUTH PARK,15129
3113 Main Street,MUNHALL,15120
1105 VALLEY STREET,McKEES ROCKS,15136
1825 MCLAUGHLIN RUN RD,UPPER SAINT CLAIR,15241
205 W ALLEGHENY RD,IMPERIAL,15126
310 OLD CLAIRTON ROAD,JEFFERSON HILLS,15025
91 COMMONWEALTH AVE,WEST MIFFLIN,15122
747 WALLACE AVE,WILKINSBURG,15221
2550 GREENSBURG PIKE,PITTSBURGH,15221
1825 STATE ROUTE 56,SPRING CHURCH,15686
1100 4TH AVE,FORD CITY,16226
1200 ORR AVE,KITTANNING,16201
178 WOLF DRIVE,RURAL VALLEY,16249
ONE LINCOLN PARK,MIDLAND,15059
200 QUIGLEY DR,BADEN,15005
510 37th Street,Beaver Falls,15010
909 DUSS AVE,AMBRIDGE,15003
1 GYPSY GLEN RD,BEAVER,15009
1701 8TH AVE,BEAVER FALLS,15010
500 BLACKHAWK RD,BEAVER FALLS,15010
160 Baker Road Ext.,Monaca,15061
100 HARDING AVE,ALIQUIPPA,15001
1190 BULLDOG DR,FREEDOM,15042
1215 LONGVUE AVE,ALIQUIPPA,15001
3202 43RD ST,NEW BRIGHTON,15066
300 COUNTRY CLUB DR,ELLWOOD CITY,16117
540 RENO ST,ROCHESTER,15074
4949 SR 151,HOOKSTOWN,15050
216 ENGLE RD,INDUSTRY,15052
130 SCHOOL DRIVE,HYNDMAN,15545
330 E JOHN ST,BEDFORD,15522
2588 QUAKER VALLEY RD,NEW PARIS,15554
1 RENAISSANCE CIRCLE,EVERETT,15537
152 NBC DRIVE,LOYSBURG,16659
199 FRONT ST,SAXTON,16678
2400 PLEASANT VALLEY BLVD,ALTOONA,16602
1960 William Penn Hwy,WILLIAMSBURG,16693
1415 6TH AVENUE,ALTOONA,16602
400 MARTIN ST,BELLWOOD,16617
531 Bedford St.,CLAYSBURG,16625
1510 N MONTGOMERY ST,HOLLIDAYSBURG,16648
718 Central High Road,Martinsburg,16662
1001 CLAY AVE,TYRONE,16686
515 W 3RD ST,WILLIAMSBURG,16693
PO BOX 13,HERMAN,16039
120 CAMPUS LN,BUTLER,16001
625 South Pike Road,Sarver,16055
1446 KITTANNING PIKE,KARNS CITY,16041
520 ROUTE 228,MARS,16046
1810 W SUNBURY RD,WEST SUNBURY,16061
128 SENECA SCHOOL RD,HARMONY,16037
201 KIESTER RD,SLIPPERY ROCK,16057
345 KNOCH RD,SAXONBURG,16056
728 BEN FRANKLIN HIGHWAY,EBENSBURG,15931
25 OSBORNE ST,JOHNSTOWN,15905
555 BIRCH ST,NANTY GLO,15943
426 GLENDALE LAKE ROAD,PATTON,16668
204 SCHOOLHOUSE RD,EBENSBURG,15931
1342 WILLIAM PENN AVE,JOHNSTOWN,15906
600 HARLAN AVE,JOHNSTOWN,15905
489 LOCUST ST,SIDMAN,15955
1466 BEAVER VALLEY RD,FLINTON,16640
222 CENTRAL AVE,JOHNSTOWN,15902
813 35TH ST,NORTHERN CAMBRIA,15714
401 LINDEN AVE,CRESSON,16630
85 MOUNTAIN AVE,PORTAGE,15946
One Academic Avenue,JOHNSTOWN,15904
200 FAIR OAKS DR,JOHNSTOWN,15905
601 WOODLAND AVE,EMPORIUM,15834
848 Science Park Road,State College,16803
901 Boalsburg Pike,Boalsburg,16827
751 S EAGLE VALLEY RD,WINGATE,16823-4799
830 E BISHOP ST,BELLEFONTE,16823
4545 PENNS VALLEY RD,SPRING MILLS,16875
502 PHILIPS ST,PHILIPSBURG,16866
653 WESTERLY PKWY,STATE COLLEGE,16801
762 Route 58,FOXBURG,16036
219 LIBERTY ST,CLARION,16214
4091 C-L SCHOOL RD,STRATTANVILLE,16258
700 BEATTY AVE,KNOX,16232
10439 ROUTE 36,TIONESTA,16353
910 BROAD ST,NEW BETHLEHEM,16242
354 BAKER ST STE 1,RIMERSBURG,16248
PO BOX 567,DU BOIS,15801
2831 WASHINGTON AVE,CLEARFIELD,16830
650 BEECH ST,CURWENSVILLE,16833
425 ORIENT AVE,DUBOIS,15801
5239 RIDGE RD,WESTOVER,16692
4934 GREEN ACRE RD,HOUTZDALE,16651
444 ALLPORT CUTOFF,MORRISDALE,16858
302 WEST SCHOOL DRIVE,LINESVILLE,16424
105 SECOND ST,COCHRANTON,16314
930 NORTH ST,MEADVILLE,16335
204 SHENANGO ST,JAMESTOWN,16134
641 VENANGO AVE,CAMBRIDGE SPRINGS,16403
30383 GUYS MILLS RD,GUYS MILLS,16327
18079 MOOK RD,SAEGERTOWN,16433
302 E WALNUT ST,TITUSVILLE,16354
600 MAURUS ST,SAINT MARYS,15857
315 HIGH SCHOOL ROAD,JOHNSONBURG,15845
1403 HILL ST,RIDGWAY,15853
977 S SAINT MARYS RD,SAINT MARYS,15857
225 W 9TH ST,ERIE,16501
8150 OLIVER ROAD,ERIE,16509
538 E GRANDVIEW BLVD,ERIE,16504
2403 W 8TH ST,ERIE,16505
534 E PLEASANT ST,CORRY,16407
3325 CHERRY ST,ERIE,16508
1001 ATKINS ST,ERIE,16503
1330 W 8TH ST,ERIE,16502
7460 MCCRAY RD,FAIRVIEW,16415
931 HIGH ST,WATERFORD,16441
11761 EDINBORO RD,EDINBORO,16412
1135 LAKE ST,GIRARD,16417
6375 BUFFALO RD,HARBORCREEK,16421
4301 MAIN ST,ERIE,16511
3580 W 38TH ST,ERIE,16506
1901 FREEPORT RD,NORTH EAST,16428
200 HARTHAN WAY,ALBION,16401
105 Concord Street,Union City,16438
10770 WATTSBURG RD,ERIE,16509
611 E CRAWFORD AVE,CONNELLSVILLE,15425
1119 TOWNSHIP DRIVE,UNIONTOWN,15401
1 FALCON DRIVE,BROWNSVILLE,15417
201 FALCON DR,CONNELLSVILLE,15425
142 CONSTITUTION STREET,PERRYOPOLIS,15473
300 BAILEY AVE,UNIONTOWN,15401
146 E FAYETTE ST,UNIONTOWN,15401
Post Office Box 59,Marienville,16239
120 Birch Street,MARIENVILLE,16239
22318 Route 62,TIONESTA,16353
300 W GREENE ST,CARMICHAELS,15320
30 ZIMMERMAN DR,WAYNESBURG,15370
1351 JEFFERSON ROAD,JEFFERSON,15344
1000 MAPLETOWN ROAD,GREENSBORO,15338
1352 HARGUS CREEK ROAD,WAYNESBURG,15370
2400 CASSADY AVE STE 1,HUNTINGDON,16652
7775 Juniata Valley Pike,ALEXANDRIA,16611
706 N SHAVER ST,MOUNT UNION,17066
10339 Pogue Road,THREE SPRINGS,17264
100 SCHOOL LN,BLAIRSVILLE,15717
84 TROJAN LN,SALTSBURG,15681
70 WILDCAT LN,HOMER CITY,15748
450 N 5TH ST,INDIANA,15701
PO BOX 209,MARION CENTER,15759
6003 ROUTE 553 HWY,CLYMER,15728
PO BOX 374,COMMODORE,15729
10780 ROUTE 56 HWY E,ARMAGH,15920
216 N Jefferson Street,PUNXSUTAWNEY,15767
100 ALEXANDER ST,BROCKWAY,15824
PO Box 479,BROOKVILLE,15825
500 NORTH FINDLEY ST,PUNXSUTAWNEY,15767
501 CRESCENT AVE,ELLWOOD CITY,16117
2497 HARLANSBURG RD,NEW CASTLE,16101
Mohawk School Road,BESSEMER,16112
3834 MITCHELL RD,NEW CASTLE,16105
300 E LINCOLN AVE,NEW CASTLE,16101
2550 ELLWOOD RD,NEW CASTLE,16101
2106 CAMDEN AVE,NEW CASTLE,16101
350 WOOD ST,NEW WILMINGTON,16142
81 INTERSTATE PKWY,BRADFORD,16701
6965 Route 321,KANE,16735
143 R.L. SWEITZER DR,DUKE CENTER,16729
20 OAK STREET,PORT ALLEGANY,16743
412 S MECHANIC ST,SMETHPORT,16749
233 George Junior Road,GROVE CITY,16127
2120 SHENANGO VALLEY FREEWAY,HERMITAGE,16148
12 N DIAMOND STREET,GREEENVILLE,16125
PO BOX 108,MERCER,16137
3002 PERRY HWY,HADLEY,16130
1600 ROEMER BLVD,FARRELL,16121
9 DONATION RD,GREENVILLE,16125
511 Highland Avenue,Grove City,16127
640 N HERMITAGE RD,HERMITAGE,16148
2482 MERCER ST,STONEBORO,16153
545 WEST BUTLER STREET,MERCER,16137
531 REYNOLDS RD,GREENVILLE,16125
1129 E STATE ST,SHARON,16146
301 BLUE DEVIL WAY,SHARPSVILLE,16150
3591 SHARON RD,W MIDDLESEX,16159
138 COSTELLO AVE,AUSTIN,16720
698 DWIGHT ST,COUDERSPORT,16915
27 BRIDGE ST,GALETON,16922
763 SR49 NORTHERN POTTER RD,ULYSSES,16948
318 S Oswayo Street,SHINGLEHOUSE,16748
125 CHRISTIAN SCHOOL ROAD,HOLLSOPPLE,15935-8419
1025 E MAIN ST,BERLIN,15530
300 E CAMPUS AVE,DAVIDSVILLE,15928
1349 SHAW MINES RD,MEYERSDALE,15552
400 OHIO ST,BOSWELL,15531
437 SOMERSET AVE,ROCKWOOD,15557
196 SMITH AVE,SALISBURY,15558
203 McGregor Avenue,Cairnbrook,15924
PO Box 128,SHANKSVILLE,15560
645 S COLUMBIA AVE,SOMERSET,15501
172 TURKEYFOOT RD,CONFLUENCE,15424
2301 Graham Avenue,Windber,15963
1505 W 1ST ST,OIL CITY,16301
PO BOX 168,FRANKLIN,16323
1 EDUCATION DR,SENECA,16346
246 PONE LN,FRANKLIN,16323
10 LYNCH BLVD,OIL CITY,16301
403 ROCKY GROVE AVE,FRANKLIN,16323
241 MAIN STREET,TIDIOUTE,16351
165 Mead Run Road,YOUNGSVILLE,16371
3700 Rt 957,RUSSELL,16345
6760 Route 6,SHEFFIELD,16347
345 E 5TH AVE,WARREN,16365
227 COLLEGE ST,YOUNGSVILLE,16371
1000 AVELLA RD,AVELLA,15312
75 BEARCAT DR,BENTLEYVILLE,15314
179 CRAWFORD RD,FREDERICKTOWN,15333
104 BAVINGTON RD,BURGETTSTOWN,15021
11 Trojan Way,COAL CENTER,15423
314 ELM STREET EX,CANONSBURG,15317
100 FECSEN DR,CHARLEROI,15022
2050 W PIKE ST,HOUSTON,15342
110 FORT CHERRY RD,MCDONALD,15057
86 MCGUFFEY DR,CLAYSVILLE,15323
264 E MCMURRAY RD,MCMURRAY,15317
1 RAM DRIVE,MONONGAHELA,15063
231 PARK AVE,WASHINGTON,15301
201 ALLISON AVENUE,WASHINGTON,15301
911 ARMORY DR,GREENSBURG,15601
425 CREST AVE,BELLE VERNON,15012
1021 PUCKETY CHURCH RD,LOWER BURRELL,15068
982 North Chestnut St. Ext,DERRY,15627
3200 SCHOOL RD,MURRYSVILLE,15668
131 HIGH SCHOOL RD,LATROBE,15650
65 MENNEL DR,GREENSBURG,15601
4345 Route 136,GREENSBURG,15601
800 FLORIDA AVE,JEANNETTE,15644
200 POPLAR ST,VANDERGRIFT,15690
215 1ST ST,LEECHBURG,15656
40 SPRINGER RD,LIGONIER,15658
1245 STATE ROAD,MONESSEN,15062
265 State Street,MOUNT PLEASANT,15666
703 STEVENSON BLVD,NEW KENSINGTON,15068
251 MCMAHON RD,N HUNTINGDON,15642
3381 ROUTE 130,HARRISON CITY,15636
PO BOX A/2351 Route 981,ALVERTON,15612
919 LOWBER RD,HERMINIE,15637